Top pages,Clicks,Impressions,CTR,Position
https://bartar-repairer.com/motorola-mobile-repair-center/,942,4574,20.59%,4.61
https://bartar-repairer.com/,758,3805,19.92%,6.75
https://bartar-repairer.com/xiaomi-phone-speaker-problem/,303,7227,4.19%,6.54
https://bartar-repairer.com/package-installer-keeps-stopping-problem/,202,4974,4.06%,5.76
https://bartar-repairer.com/contact/,171,2225,7.69%,3.96
https://bartar-repairer.com/fix-4g-phone-internet/,160,13608,1.18%,6.24
https://bartar-repairer.com/why-isnt-google-play-working/,148,10763,1.38%,6.13
https://bartar-repairer.com/huawei-phone-internet-problem/,113,3456,3.27%,5.4
https://bartar-repairer.com/services/laptop-repair/repair-msi-laptop/,109,1302,8.37%,6.97
https://bartar-repairer.com/samsung/smart-watch/,96,1161,8.27%,7.82
https://bartar-repairer.com/huawei/,94,1570,5.99%,8.08
https://bartar-repairer.com/samsung/mobile/,68,1452,4.68%,11.65
https://bartar-repairer.com/services/category-mobile-phone-repair/,65,1531,4.25%,5.9
https://bartar-repairer.com/hp/lap-top/,63,1531,4.11%,7.58
https://bartar-repairer.com/xiaomi/mobile/repair-poco-x6-pro/,60,1064,5.64%,6.8
https://bartar-repairer.com/silence-of-the-phone-after-water-damage/,59,3216,1.83%,6.51
https://bartar-repairer.com/persian-keyboard-problem-in-samsung-phone/,50,5939,0.84%,7.46
https://bartar-repairer.com/repairing-damaged-nokia-phones/,48,1026,4.68%,6.51
https://bartar-repairer.com/samsung-s22repair/,46,425,10.82%,6.61
https://bartar-repairer.com/asus/,42,654,6.42%,12.83
https://bartar-repairer.com/xiaomi/,41,2193,1.87%,7.73
https://bartar-repairer.com/samsung-tab-a9-repairs/,40,911,4.39%,8.17
https://bartar-repairer.com/samsung/,38,17868,0.21%,17.82
https://bartar-repairer.com/xiaomi/mobile/,33,670,4.93%,12.77
https://bartar-repairer.com/apple/,32,4952,0.65%,4.72
https://bartar-repairer.com/lenovo/lap-top/,29,582,4.98%,11.59
https://bartar-repairer.com/enter-and-exit-safe-mode/,27,2445,1.1%,6.03
https://bartar-repairer.com/what-is-the-second-space-of-the-phone-activation-guide-on-android-phones/,24,2150,1.12%,8
https://bartar-repairer.com/xiaomi/mobile/xiaomi-phone-lcd-repair/,24,1732,1.39%,8.92
https://bartar-repairer.com/the-problem-of-not-working-the-asus-laptop-touchpad/,24,661,3.63%,7.05
https://bartar-repairer.com/repair-honor9x/,24,206,11.65%,7.45
https://bartar-repairer.com/huawei/mobile/,22,427,5.15%,10.05
https://bartar-repairer.com/samsung-a24-repair/,20,480,4.17%,6.71
https://bartar-repairer.com/touch-phone-problem-while-charging/,19,1599,1.19%,5.8
https://bartar-repairer.com/acer/,19,587,3.24%,8.8
https://bartar-repairer.com/samsung-mobile-phone-repairs-in-sattarkhan/,16,188,8.51%,7.53
https://bartar-repairer.com/lap-top-acer/nitro5/,16,97,16.49%,6.22
https://bartar-repairer.com/two-way-conversation-recording-on-xiaomi-phone/,15,3516,0.43%,8.24
https://bartar-repairer.com/samsung-mobile-phone-repair-agency-in-east-tehran/,15,382,3.93%,7.93
https://bartar-repairer.com/apple/macbook/,14,204,6.86%,14.52
https://bartar-repairer.com/تعویض-قاب-لپ-تاپ-اچ-پی/,14,203,6.9%,7.69
https://bartar-repairer.com/iphone-serepair/,14,97,14.43%,6.89
https://bartar-repairer.com/24-hour-mobile-repairs/,13,626,2.08%,20.92
https://bartar-repairer.com/samsung-flashing-instructions/,13,370,3.51%,10.86
https://bartar-repairer.com/fixing-the-problem-of-deleting-the-message-icon-in-xiaomi/,11,6560,0.17%,8.09
https://bartar-repairer.com/samsung-mobile-tricks/,11,210,5.24%,8.26
https://bartar-repairer.com/samsung/lap-top/,11,203,5.42%,3.48
https://bartar-repairer.com/htc-phone-hard-drive-repair/,10,171,5.85%,9.35
https://bartar-repairer.com/samsung/mobile/s21ultra/,10,163,6.13%,7.71
https://bartar-repairer.com/fix-xiaomi-internet-problem/,9,2945,0.31%,9.06
https://bartar-repairer.com/samsung-account-problem-after-flash/,9,296,3.04%,15.36
https://bartar-repairer.com/sony/lap-top/,9,237,3.8%,9.01
https://bartar-repairer.com/sony-remote-not-working/,8,846,0.95%,6.31
https://bartar-repairer.com/turn-off-the-antivirus/,7,673,1.04%,5.68
https://bartar-repairer.com/lenovo/2-mobile/,7,108,6.48%,7.71
https://bartar-repairer.com/xiaomi/mobile/redmi9t/,7,80,8.75%,7.09
https://bartar-repairer.com/fixing-the-problem-of-the-iphone-being-silent/,6,2431,0.25%,7.87
https://bartar-repairer.com/the-screen-does-not-turn-on-during-a-call/,6,1553,0.39%,9.16
https://bartar-repairer.com/calibrating-the-xiaomi-phone-battery/,6,1402,0.43%,9
https://bartar-repairer.com/apple-activation-lock/,6,206,2.91%,9.11
https://bartar-repairer.com/nokia/nokia-g11plusrepair/,6,65,9.23%,8.46
https://bartar-repairer.com/lenovo-laptop-keyboard-not-working/,5,674,0.74%,8.46
https://bartar-repairer.com/fix-iphone-unavailable-problem/,5,280,1.79%,6.42
https://bartar-repairer.com/old-mobile-phone-repair/,5,254,1.97%,7.95
https://bartar-repairer.com/hp-repairs-in-sattarkhan/,5,57,8.77%,6.56
https://bartar-repairer.com/learning-how-to-backup-from-the-phone/,4,2090,0.19%,7.91
https://bartar-repairer.com/increase-virtual-ram-in-windows-10/,4,1623,0.25%,7.38
https://bartar-repairer.com/phone-flashing-problem/,4,897,0.45%,7.93
https://bartar-repairer.com/how-do-we-know-that-the-phone-has-been-hit/,4,643,0.62%,6.97
https://bartar-repairer.com/install-windows-11-by-usb/,4,532,0.75%,10.42
https://bartar-repairer.com/change-gorilla-glass/,4,497,0.8%,8
https://bartar-repairer.com/home-appliances/hisense-air-conditioner-repair/,4,474,0.84%,7.99
https://bartar-repairer.com/forgot-phone-password-and-password-recovery-methods/,4,255,1.57%,15.12
https://bartar-repairer.com/iphone-speaker-replacementtutorial/,4,244,1.64%,6.15
https://bartar-repairer.com/dell/lap-top/,4,236,1.69%,13.01
https://bartar-repairer.com/apple/mobile-2/,4,138,2.9%,17.64
https://bartar-repairer.com/iphone-xs-repair/,4,109,3.67%,7.24
https://bartar-repairer.com/how-to-flash-the-phone/,4,84,4.76%,9.64
https://bartar-repairer.com/services/category-mobile-phone-repair/oppo-repair/oppo-reno-10-phonerepair/,4,35,11.43%,6.91
https://bartar-repairer.com/iphone-battery-draining-fast/,3,2541,0.12%,9.18
https://bartar-repairer.com/hp-laptop-not-charging-problem/,3,442,0.68%,6.11
https://bartar-repairer.com/replacing-the-battery-of-an-acer-laptop/,3,293,1.02%,7.26
https://bartar-repairer.com/the-problem-of-not-turning-off-airplane-mode-on-the-phone/,3,221,1.36%,7.63
https://bartar-repairer.com/why-dont-xiaomi-phones-find-wi-fi/,3,188,1.6%,8.97
https://bartar-repairer.com/laptop-harddrive-repair/,3,187,1.6%,11.4
https://bartar-repairer.com/hp/2-printer/,3,68,4.41%,15.03
https://bartar-repairer.com/iphone-15-promaxrepair/,3,43,6.98%,9.23
https://bartar-repairer.com/hp-laptop-sound-problem/,2,384,0.52%,7.25
https://bartar-repairer.com/entering-and-exiting-xiaomi-main-menu-mode/,2,276,0.72%,12.09
https://bartar-repairer.com/acer-laptop-not-booting-problem/,2,97,2.06%,8.15
https://bartar-repairer.com/iphone-no-signal/,2,82,2.44%,10.35
https://bartar-repairer.com/مشکل-گالری-گوشی-سامسونگ/,2,72,2.78%,10.12
https://bartar-repairer.com/samsung-mobile-phone-repair-inshadman/,2,30,6.67%,6.57
https://bartar-repairer.com/repair-of-hp-laptop-motherboard/,2,29,6.9%,8.28
https://bartar-repairer.com/asus/mobile/,2,10,20%,4.6
https://bartar-repairer.com/lenovo-laptop-repair-in-saadatabad/,2,7,28.57%,17.57
https://bartar-repairer.com/transfer-of-phone-ownership/,1,1084,0.09%,11.16
https://bartar-repairer.com/enter-and-exit-from-fastboot-mode/,1,298,0.34%,10.73
https://bartar-repairer.com/solving-the-wi-fi-problem-of-the-hp-laptop/,1,297,0.34%,9.43
https://bartar-repairer.com/not-registered-on-the-network/,1,227,0.44%,9.8
https://bartar-repairer.com/xiaomi-fast-charging-problem/,1,174,0.57%,12.9
https://bartar-repairer.com/black-samsung-phone-screen/,1,128,0.78%,15.91
https://bartar-repairer.com/not-displaying-contacts-on-xiaomi-phones/,1,99,1.01%,10.96
https://bartar-repairer.com/samsung/mobile/galaxya72/,1,97,1.03%,7.94
https://bartar-repairer.com/home-appliances/refrigerator-repair/,1,82,1.22%,25.17
https://bartar-repairer.com/samsung-lcd-repair-cost/,1,67,1.49%,34.4
https://bartar-repairer.com/the-best-software-for-the-keyboard-of-samsung-phones/,1,60,1.67%,24.8
https://bartar-repairer.com/asus-laptop-bios-problem/,1,45,2.22%,17.91
https://bartar-repairer.com/iphone-14-repairs/,1,35,2.86%,7.2
https://bartar-repairer.com/how-to-track-a-lost-phone/,1,33,3.03%,25.09
https://bartar-repairer.com/replacement-of-hp-laptop-lcd/,1,24,4.17%,9.21
https://bartar-repairer.com/repair-asus-laptop-x451/,1,19,5.26%,8.58
https://bartar-repairer.com/the-reason-for-the-loud-sound-of-the-laptop-fan/,1,17,5.88%,25.12
https://bartar-repairer.com/apple/apple-tv2/,1,15,6.67%,5.6
https://bartar-repairer.com/samsung-mobile-phone-battery-replacement/,1,12,8.33%,23.5
https://bartar-repairer.com/blog/page/8/,1,3,33.33%,3.33
https://bartar-repairer.com/lap-top-acer/aspire7/,1,3,33.33%,7
https://bartar-repairer.com/apple/ipad/,1,2,50%,9
https://bartar-repairer.com/wp-content/uploads/rtl-backups-1626870402/,1,1,100%,18
https://bartar-repairer.com/how-to-connect-laptop-to-tv/,0,508,0%,8.76
https://bartar-repairer.com/xiaomi-waterproof-phone-repair/,0,423,0%,8.36
https://bartar-repairer.com/hide-apps-on-your-phone/,0,185,0%,12.32
https://bartar-repairer.com/what-is-a-factory-reset/,0,176,0%,9.35
https://bartar-repairer.com/samsung/samsung-refrigerator-repair/,0,147,0%,45.22
https://bartar-repairer.com/reasons-why-a-laptop-gets-hot/,0,146,0%,10.5
https://bartar-repairer.com/what-is-snapdragon-introduction-to-the-snapdragon-chip/,0,143,0%,10.08
https://bartar-repairer.com/black-screen-problem-on-laptop/,0,131,0%,11.13
https://bartar-repairer.com/is-the-update-of-the-phone-good/,0,126,0%,9.67
https://bartar-repairer.com/remove-google-play-ads-on-xiaomi-phones/,0,89,0%,8.93
https://bartar-repairer.com/what-is-the-imei-code/,0,88,0%,12.05
https://bartar-repairer.com/hide-number-on-whatsapp-for-contacts/,0,73,0%,10.42
https://bartar-repairer.com/samsung-mobile-phone-repairs-in-sattarkhan/#elementor-toc__heading-anchor-2,0,68,0%,4.18
https://bartar-repairer.com/the-problem-of-the-asus-laptop-not-turning-on-and-solutions-to-fix-it/,0,65,0%,10.58
https://bartar-repairer.com/samsung-mobile-phone-repairs-in-sattarkhan/#h-,0,62,0%,4.21
https://bartar-repairer.com/samsung-mobile-phone-repairs-in-sattarkhan/#elementor-toc__heading-anchor-3,0,59,0%,4
https://bartar-repairer.com/samsung-mobile-phone-repairs-in-sattarkhan/#elementor-toc__heading-anchor-1,0,53,0%,4.02
https://bartar-repairer.com/smart-use-mobile-features-without-internet/,0,42,0%,5.76
https://bartar-repairer.com/macbook-upgrade/,0,41,0%,8.71
https://bartar-repairer.com/hp/tablet/,0,40,0%,5.8
https://bartar-repairer.com/how-to-put-a-password-on-your-laptop/,0,38,0%,12.95
https://bartar-repairer.com/hp-repairs-in-sattarkhan/#elementor-toc__heading-anchor-4,0,35,0%,4.23
https://bartar-repairer.com/hp-repairs-in-sattarkhan/#h-,0,35,0%,4.23
https://bartar-repairer.com/hp-repairs-in-sattarkhan/#elementor-toc__heading-anchor-1,0,31,0%,4.19
https://bartar-repairer.com/xiaomi/mobile/black-shark-4/,0,27,0%,5.04
https://bartar-repairer.com/xiaomi-mobile-camerarepair/,0,25,0%,12.08
https://bartar-repairer.com/how-to-clean-your-phone-without-erasing-data/,0,25,0%,12.72
https://bartar-repairer.com/test-a-used-iphone-before-buying/,0,25,0%,23.6
https://bartar-repairer.com/hp-repairs-in-sattarkhan/#elementor-toc__heading-anchor-2,0,22,0%,3.95
https://bartar-repairer.com/how-do-we-know-where-the-phone-is-made/,0,21,0%,8
https://bartar-repairer.com/xiaomi/smart-watch/,0,21,0%,10.48
https://bartar-repairer.com/تعویض-قاب-لپ-تاپ-اچ-پی/#elementor-toc__heading-anchor-0,0,18,0%,6.94
https://bartar-repairer.com/تعویض-قاب-لپ-تاپ-اچ-پی/#elementor-toc__heading-anchor-19,0,18,0%,6.94
https://bartar-repairer.com/apple/mobile-2/iphone-x/,0,18,0%,17.28
https://bartar-repairer.com/ارورهای-کولرگازی-گری-l-نحوه-رفع-کد-های-خ/,0,18,0%,23.39
https://bartar-repairer.com/تعویض-قاب-لپ-تاپ-اچ-پی/#elementor-toc__heading-anchor-12,0,17,0%,6.82
https://bartar-repairer.com/تعویض-قاب-لپ-تاپ-اچ-پی/#elementor-toc__heading-anchor-6,0,17,0%,6.82
https://bartar-repairer.com/apple/mobile-2/iphone-12-promax/,0,17,0%,8
https://bartar-repairer.com/asus-laptop-not-charging-problem/,0,16,0%,10.94
https://bartar-repairer.com/can-a-broken-lcd-be-repaired/,0,16,0%,44.06
https://bartar-repairer.com/lenovo-waterproof-phonerepair/,0,15,0%,7.8
https://bartar-repairer.com/immediate-iphoneepair/,0,15,0%,8
https://bartar-repairer.com/how-do-we-activate-the-phone-if-we-lose-the-phone-activation-code/,0,15,0%,9.4
https://bartar-repairer.com/introducing-all-the-useful-windows-shortcut-keys/,0,15,0%,9.73
https://bartar-repairer.com/replacing-the-iphone-lcd/,0,15,0%,15.93
https://bartar-repairer.com/step-by-step-tutorial-on-upgrading-a-laptop-hard-drive/,0,15,0%,19.6
https://bartar-repairer.com/lenovo/lap-top/#mb,0,14,0%,6.29
https://bartar-repairer.com/lenovo/lap-top/#felat,0,13,0%,6.15
https://bartar-repairer.com/lenovo/lap-top/#keyboard,0,13,0%,6.15
https://bartar-repairer.com/lenovo/lap-top/#bat,0,12,0%,6.5
https://bartar-repairer.com/lenovo/lap-top/#lcd,0,12,0%,6.5
https://bartar-repairer.com/samsung-mobile-phone-repair-agency-in-east-tehran/#elementor-toc__heading-anchor-0,0,12,0%,10.5
https://bartar-repairer.com/samsung-mobile-phone-repair-agency-in-east-tehran/#elementor-toc__heading-anchor-1,0,12,0%,10.5
https://bartar-repairer.com/samsung-mobile-phone-repair-agency-in-east-tehran/#elementor-toc__heading-anchor-3,0,12,0%,10.5
https://bartar-repairer.com/samsung-mobile-phone-repair-agency-in-east-tehran/#elementor-toc__heading-anchor-4,0,12,0%,10.5
https://bartar-repairer.com/samsung-mobile-phone-repair-agency-in-east-tehran/#elementor-toc__heading-anchor-5,0,12,0%,10.5
https://bartar-repairer.com/samsung-mobile-phone-repair-agency-in-east-tehran/#elementor-toc__heading-anchor-6,0,12,0%,10.5
https://bartar-repairer.com/تعمیردوربین-موبایل-سونی/,0,12,0%,17.92
https://bartar-repairer.com/how-to-transfer-contacts-from-iphone-to-android-phone/,0,12,0%,24.25
https://bartar-repairer.com/lenovo/lap-top/#gp,0,11,0%,6.36
https://bartar-repairer.com/lenovo/lap-top/#tp,0,11,0%,6.36
https://bartar-repairer.com/iphone-speaker-replacementtutorial/#elementor-toc__heading-anchor-10,0,10,0%,7.9
https://bartar-repairer.com/iphone-speaker-replacementtutorial/#elementor-toc__heading-anchor-12,0,10,0%,7.9
https://bartar-repairer.com/iphone-speaker-replacementtutorial/#elementor-toc__heading-anchor-2,0,10,0%,7.9
https://bartar-repairer.com/iphone-speaker-replacementtutorial/#elementor-toc__heading-anchor-9,0,10,0%,7.9
https://bartar-repairer.com/acer-laptop-graphics-card-repair/,0,10,0%,15.5
https://bartar-repairer.com/iphone-speaker-replacementtutorial/#elementor-toc__heading-anchor-4,0,9,0%,7.78
https://bartar-repairer.com/iphone-speaker-replacementtutorial/#elementor-toc__heading-anchor-5,0,9,0%,7.78
https://bartar-repairer.com/iphone-speaker-replacementtutorial/#h-,0,9,0%,7.78
https://bartar-repairer.com/samsung/samsung-vacuum-cleaner-repair-agency/,0,9,0%,21.67
https://bartar-repairer.com/samsung-flashing-instructions/#elementor-toc__heading-anchor-0,0,8,0%,7.75
https://bartar-repairer.com/samsung-flashing-instructions/#elementor-toc__heading-anchor-2,0,8,0%,7.75
https://bartar-repairer.com/asus-laptop-battery-replacement/,0,8,0%,15.38
https://bartar-repairer.com/samsung/samsung-dishwasher-repair/,0,8,0%,42.12
https://bartar-repairer.com/wp-content/uploads/2024/08/,0,8,0%,67.5
https://bartar-repairer.com/macbook-felt-repair/,0,7,0%,4.86
https://bartar-repairer.com/samsung-number-recovery/,0,7,0%,7.43
https://bartar-repairer.com/services/laptop-repair/laptop-repair-on-site/,0,7,0%,21.71
https://bartar-repairer.com/تعمیرهارد-لپ-تاپ-سونی/,0,7,0%,23.29
https://bartar-repairer.com/how-to-use-phone-link-on-android-phones/,0,7,0%,24.71
https://bartar-repairer.com/huawei/smart-watch/,0,6,0%,6.5
https://bartar-repairer.com/تعمیر-اسپیکر-لپتاپ-لنوو/,0,6,0%,8
https://bartar-repairer.com/samsung-flashing-instructions/#elementor-toc__heading-anchor-3,0,6,0%,8.17
https://bartar-repairer.com/is-it-a-good-idea-to-keep-your-laptop-plugged-in-all-the-time/,0,6,0%,11.17
https://bartar-repairer.com/acer-laptop-repair-in-ayatollah-kashani/,0,6,0%,14.5
https://bartar-repairer.com/full-service-hp-laptop/,0,6,0%,15.17
https://bartar-repairer.com/lenovo/manitor/,0,5,0%,4.2
https://bartar-repairer.com/fixing-the-problem-of-microphone-not-working-in-asus-laptop/,0,5,0%,6.8
https://bartar-repairer.com/lap-top-acer/a315-repair/,0,5,0%,7
https://bartar-repairer.com/samsung-a70-repair/,0,5,0%,7.2
https://bartar-repairer.com/services/category-mobile-phone-repair/repair-iphonebattery/,0,5,0%,17.6
https://bartar-repairer.com/ویژگی-های-بهترین-مرکز-تعمیرات-اپل-در-ته/,0,5,0%,21.6
https://bartar-repairer.com/تعمیر-آبخوردگی-لپ-تاپ-ایسر/,0,4,0%,5.25
https://bartar-repairer.com/aser-laptop-lcd-replacement/,0,4,0%,9.75
https://bartar-repairer.com/macbook-motherboard-repair/,0,3,0%,9.33
https://bartar-repairer.com/iphone-12-pro-max-lcd-replacement/,0,3,0%,18
https://bartar-repairer.com/samsung/tablet/,0,3,0%,28
https://bartar-repairer.com/samsung/tv/,0,3,0%,34.67
https://bartar-repairer.com/home-appliances/tv-repair-in-tehran/,0,3,0%,46
https://bartar-repairer.com/wp-content/uploads/2025/03/,0,3,0%,62.33
https://bartar-repairer.com/sony-mobile-lcdreplacement/,0,2,0%,2
https://bartar-repairer.com/xiaomi-tablet-camerarepair/,0,2,0%,3.5
https://bartar-repairer.com/mobile-repair-advice/,0,2,0%,4.5
https://bartar-repairer.com/symptoms-of-iphone-battery-failure/,0,2,0%,6.5
https://bartar-repairer.com/xiaomi/lap-top/,0,2,0%,7
https://bartar-repairer.com/how-to-connect-a-samsung-phone-to-a-tv/,0,2,0%,9
https://bartar-repairer.com/note-12-glass-replacement/,0,2,0%,10
https://bartar-repairer.com/samsung-mobile-phone-repairs-in-tehranpars/,0,2,0%,10
https://bartar-repairer.com/apple/mobile/iphone-x/,0,2,0%,22.5
https://bartar-repairer.com/how-to-activate-hotspot-on-iphone/,0,2,0%,57
https://bartar-repairer.com/asus-repairs-in-sattar-khan/,0,1,0%,2
https://bartar-repairer.com/asus-repairs-in-sattar-khan/#elementor-toc__heading-anchor-1,0,1,0%,2
https://bartar-repairer.com/asus-repairs-in-sattar-khan/#elementor-toc__heading-anchor-10,0,1,0%,2
https://bartar-repairer.com/asus-repairs-in-sattar-khan/#elementor-toc__heading-anchor-9,0,1,0%,2
https://bartar-repairer.com/mi-11-ultra-back-cover-replacement/,0,1,0%,2
https://bartar-repairer.com/xiaomi/tablet/,0,1,0%,2
https://bartar-repairer.com/lenovo-laptop-motherboardrepair/,0,1,0%,3
https://bartar-repairer.com/s25-ultra-back-door-replacement/,0,1,0%,3
https://bartar-repairer.com/huawei-y511-repair/,0,1,0%,6
https://bartar-repairer.com/htc/mobile/,0,1,0%,7
https://bartar-repairer.com/certificates/,0,1,0%,8
https://bartar-repairer.com/extending-asus-laptop-battery-life/,0,1,0%,9
https://bartar-repairer.com/lap-top-acer/travelmate5744z/,0,1,0%,9
https://bartar-repairer.com/macbook-felt-repair/feed/,0,1,0%,9
https://bartar-repairer.com/samsung-mobile-phone-repairs-in-tehranpars/#elementor-toc__heading-anchor-10,0,1,0%,9
https://bartar-repairer.com/samsung-mobile-phone-repairs-in-tehranpars/#elementor-toc__heading-anchor-12,0,1,0%,9
https://bartar-repairer.com/samsung-mobile-phone-repairs-in-tehranpars/#elementor-toc__heading-anchor-9,0,1,0%,9
https://bartar-repairer.com/samsung-mobile-phone-repairs-in-tehranpars/#h-,0,1,0%,9
https://bartar-repairer.com/samsung-mobile-phone-repairs-in-tehranpars/#h--1,0,1,0%,9
https://bartar-repairer.com/samsung-mobile-phone-repairs-in-tehranpars/#h--5,0,1,0%,9
https://bartar-repairer.com/samsung-mobile-phone-repairs-in-tehranpars/#h--8,0,1,0%,9
https://bartar-repairer.com/xiaomi-mobile-repairs-insuhrawardi/,0,1,0%,9
https://bartar-repairer.com/apple/mobile-2/iphone-11-promax/,0,1,0%,10
https://bartar-repairer.com/htc/smart-watch/,0,1,0%,14
https://bartar-repairer.com/lap-top-acer/,0,1,0%,14
https://bartar-repairer.com/iphone-16-pro-max-back-door-replacement/,0,1,0%,16
https://bartar-repairer.com/dell-laptop-troubleshootingtutorial/,0,1,0%,18
https://bartar-repairer.com/samsung-mobile-camera-repair/,0,1,0%,18
https://bartar-repairer.com/huawei-repairs-in-sadeghieh/,0,1,0%,19
https://bartar-repairer.com/acer-laptop-graphics-cardrepair/,0,1,0%,25
https://bartar-repairer.com/one-ui-8/,0,1,0%,25
https://bartar-repairer.com/samsung/mobile/samsung-a53repair/,0,1,0%,43
https://bartar-repairer.com/home-appliances/lg-air-conditioner-repair/,0,1,0%,65
https://bartar-repairer.com/asus-tablet-camera-repair/,0,1,0%,80
https://bartar-repairer.com/wp-content/uploads/,0,1,0%,82
https://bartar-repairer.com/wp-content/uploads/2022/,0,1,0%,88