Top queries,Clicks,Impressions,CTR,Position
برتر سرویس,302,672,44.94%,1.5
نمایندگی موتورولا در علاءالدین,190,419,45.35%,1.48
علت کار نکردن گوگل پلی در گوشی شیائومی,104,6816,1.53%,4.58
نمایندگی تعمیرات گوشی موتورولا در تهران,68,208,32.69%,3.12
نصب کننده بسته متوقف شده است شیائومی,63,771,8.17%,2.65
نمایندگی موتورولا,63,377,16.71%,5.13
گوشیم افتاد تو آب صدا نداره,46,783,5.87%,3.45
تعمیر گوشی موتورولا,31,78,39.74%,3.92
نمایندگی موتورولا در غرب تهران,30,84,35.71%,1.43
نمایندگی گوشی موتورولا در تهران,29,109,26.61%,3.5
سرویس برتر,28,277,10.11%,3.06
مشکل صدای گوشی شیائومی,25,715,3.5%,5.66
نمایندگی تعمیرات موتورولا,24,54,44.44%,2.39
نمایندگی گوشی موتورولا,23,144,15.97%,4.85
نمایندگی موتورولا در تهران,23,143,16.08%,4.22
تعمیرات گوشی موتورولا,18,80,22.5%,3.58
چرا اینترنت گوشی هواوی بالا نمیاد,13,95,13.68%,1.72
علت کار نکردن بلندگو گوشی شیائومی,12,156,7.69%,2.65
تعمیرات موتورولا,12,62,19.35%,3.24
نمایندگی موتورلا,12,60,20%,4.95
نمایندگی تعمیرات ناتینگ فون,12,27,44.44%,7.04
نمایندگی تعمیر سامسونگ,11,6873,0.16%,17.76
تبدیل اینترنت e به 4g,11,370,2.97%,2.7
package installer keeps stopping,11,114,9.65%,4.17
نصب کننده بسته شیائومی,10,84,11.9%,3.42
چرا نصب کننده بسته متوقف میشود شیائومی,9,79,11.39%,2.19
نمایندگی تعمیرات لنوو,9,69,13.04%,17.14
علت فارسی نشدن کیبورد گوشی سامسونگ,8,814,0.98%,3.51
تعمیر ساعت هوشمند سامسونگ,8,95,8.42%,6.58
تنظیمات اینترنت گوشی هواوی y7 prime 2019,8,79,10.13%,2.32
نمایندگی تعمیرات هواوی,8,43,18.6%,6.09
ضبط مکالمه دوطرفه شیائومی,7,3053,0.23%,7.69
تعمیرات موبایل ۲۴ ساعته,7,237,2.95%,6.74
نمایندگی موتورولا در کرج,7,180,3.89%,7.67
هزینه تعویض ال سی دی لپ تاپ اچ پی,7,109,6.42%,6.72
حل مشکل گوگل پلی در شیائومی,6,930,0.65%,6.81
نمایندگی تعمیرات ایسر,6,148,4.05%,8.23
دانلود package installer شیائومی,6,106,5.66%,5.1
نمایندگی هواوی در غرب تهران,6,96,6.25%,6.57
نمایندگی تعمیرات ایسوس,6,82,7.32%,14.93
تعمیر گوشی سامسونگ,6,62,9.68%,11.58
برتر سرویس شیائومی,6,10,60%,1.4
نصب کننده برنامه شیائومی,5,245,2.04%,8.27
نمایندگی تعمیرات گوشی سامسونگ شرق تهران,5,132,3.79%,8.8
حذف اکانت سامسونگ بعد از فکتوری ریست بدون otg,5,77,6.49%,10.26
نمایندگی قطعات گوشی موتورولا,5,76,6.58%,5.25
نمایندگی msi در شرق تهران,5,14,35.71%,1.07
علت کار نکردن گوگل در گوشی شیائومی,4,725,0.55%,9.61
از کجا بفهمیم گوشی ضربه خورده,4,231,1.73%,3.43
چرا کیبورد گوشیم فارسی نمیشه,4,149,2.68%,2.85
دانلود نصب کننده برنامه شیائومی,4,124,3.23%,9.3
نصب کننده بسته مرتب متوقف میشود شیائومی,4,80,5%,3.19
نصب کننده بسته مرتب متوقف می شود در گوشی شیائومی,4,53,7.55%,3.23
برتر سرویس موبایل,4,16,25%,1.38
پاکسازی بلندگو شیائومی نوت ۱۳,3,168,1.79%,6.86
تعمیر لپ تاپ hp,3,167,1.8%,6.85
خش خش اسپیکر گوشی شیائومی نوت ۱۴,3,97,3.09%,7.71
تعمیرات,3,70,4.29%,7.76
مشکل نصب کننده بسته شیائومی,3,42,7.14%,3.31
شماره پشتیبانی هواوی,3,38,7.89%,5.13
تعمیرات گوشی سامسونگ,3,31,9.68%,13.42
نمایندگی تعمیرات هواوی در غرب تهران,3,20,15%,4.9
تعمیر مانیتور ایسوس,3,19,15.79%,6.68
نمایندگی تعمیرات شیائومی در شهریار,3,19,15.79%,7.68
نمایندگی تعمیرات اچ پی,3,9,33.33%,12.33
گارانتی سامسونگ,3,7,42.86%,19.71
برترسرویس,3,5,60%,1
برتر سرویس سعادت آباد,3,4,75%,1.25
برتر سرویس قائم مقام,3,4,75%,1.5
مشکل حذف شدن آیکون پیام در گوشی شیائومی,2,2031,0.1%,7.44
جدا شدن ال سی دی گوشی شیائومی,2,715,0.28%,9.44
برنامه پیامک گوشی شیائومی حذف شده,2,689,0.29%,8.62
چگونه کیبورد گوشی سامسونگ را فارسی کنیم,2,590,0.34%,5.91
حل مشکل اینترنت ایرانسل در شیائومی نی نی سایت,2,486,0.41%,8.36
دانلود نصب کننده بسته شیائومی,2,301,0.66%,8.71
نصب کننده بسته متوقف شده است,2,285,0.7%,5.48
کالیبره باتری گوشی شیائومی,2,274,0.73%,9.09
تعمیرات سامسونگ,2,261,0.77%,21.53
اینترنت گوشی وصل است ولی کار نمی کند شیائومی همراه اول,2,235,0.85%,8.36
روشن نشدن صفحه گوشی هنگام زنگ خوردن شیائومی نوت ۱۳,2,228,0.88%,6.93
نمایندگی هواوی در تهران,2,137,1.46%,10.04
نمایندگی اپل در تهران خیابان جمهوری,2,114,1.75%,1.12
چرا گوشی از حالت ایمن خارج نمی شود,2,105,1.9%,6.26
نمایندگی تعمیرات شیائومی در غرب تهران,2,82,2.44%,9.48
تعمیرات موبایل,2,81,2.47%,48.37
تعمیرات موبایل ۲۴ ساعته تهران,2,74,2.7%,7.09
تعمیر موبایل سامسونگ در محل,2,66,3.03%,8.74
تعمیر ایرپاد شیائومی,2,59,3.39%,6.98
فعال كردن تاچ پد لپ تاپ ایسوس در ویندوز 11,2,51,3.92%,6.82
تعمیر موبایل سامسونگ,2,47,4.26%,19.6
مشکل تاچ گوشی هنگام شارژ,2,41,4.88%,2.22
نمایندگی لپ تاپ لنوو در غرب تهران,2,35,5.71%,9.77
تعمیرات موبایل سامسونگ,2,31,6.45%,10.84
علت قطع شدن صدای گوشی شیائومی نوت 13,2,30,6.67%,9.7
دانلود کیبورد فارسی سامسونگ,2,30,6.67%,10.4
علت کار نکردن تاچ پد لپ تاپ ایسوس,2,17,11.76%,2.35
تعمیرات ناتینگ فون,2,17,11.76%,7.94
درایور تاچ پد ایسوس,2,16,12.5%,9.81
خروج از حالت ایمن,2,15,13.33%,3.67
تعویض ال سی دی گوشی شیائومی,2,14,14.29%,6.5
samsung farsi keyboard,2,11,18.18%,8.27
تعمیرات برتر,2,9,22.22%,1
گزارش خرابی برای تحلیل به mi ارسال شود,2,8,25%,10.25
نمایندگی تعمیرات لپ تاپ لنوو در تهران,2,8,25%,12.12
شماره تماس پشتیبانی شیائومی ۲۴ ساعته,2,6,33.33%,8.5
آموزش فلش کردن گوشی سامسونگ,2,2,100%,22
نمایندگی تعمیرات سامسونگ,1,7751,0.01%,17.07
اینترنت گوشی وصل است ولی کار نمی کند شیائومی,1,326,0.31%,9.81
این کنش دائمی است واگرد شدنی نیست یعنی چه,1,300,0.33%,7.77
قیمت ترمیم شیشه شکسته گوشی,1,289,0.35%,3.31
علت شارژ نشدن لپ تاپ hp,1,245,0.41%,5.69
تعمیرات اپل,1,230,0.43%,1.58
کالیبره باتری شیائومی,1,228,0.44%,7.61
تبدیل اینترنت h به 4g همراه اول,1,203,0.49%,7.93
نمایندگی تعمیرات اپل,1,202,0.5%,2.79
آب رفتن در بلندگوی گوشی سامسونگ نی نی سایت,1,179,0.56%,8.49
تعمیر کولر گازی هایسنس,1,171,0.58%,7.04
نصب ویندوز ۱۱ با فلش,1,114,0.88%,7.77
پاکسازی بلندگو شیائومی نوت 14,1,109,0.92%,6.1
تعمیر لپ تاپ سامسونگ,1,100,1%,3.36
نمایندگی تعمیرات msi,1,100,1%,6.49
تعمیرات آیفون,1,93,1.08%,3.04
اگر انتقال مالکیت گوشی انجام نشود چه میشود,1,88,1.14%,9.56
نمایندگی اپل در تهران,1,87,1.15%,3.31
نصب کننده بسته متوقف شده است یعنی چه,1,82,1.22%,5.24
تعمیرات ایفون,1,82,1.22%,5.66
دلیل فورجی نشدن گوشی شیائومی,1,82,1.22%,7.09
آب رفتن در بلندگوی گوشی نی نی سایت,1,76,1.32%,8.57
پیدا نکردن وای فای در شیائومی,1,74,1.35%,7.95
نمایندگی msi,1,70,1.43%,11.99
خدمات سامسونگ,1,66,1.52%,20.03
قیمت ترمیم شیشه شکسته گوشی سامسونگ,1,65,1.54%,5.08
روشن نشدن صفحه گوشی هنگام زنگ خوردن شیائومی نوت ۱۲,1,65,1.54%,6.8
نمایندگی موتورولا پاساژ علاالدین,1,63,1.59%,7.17
خیس شدن گوشی نوکیا ساده,1,62,1.61%,3.03
صدای تمیز کننده اسپیکر شیائومی نوت 13,1,56,1.79%,8.29
چرا اینترنت گوشیم فورجی نمیشه,1,51,1.96%,2.67
آدرس نمایندگی msi در تهران,1,51,1.96%,6.59
keyboard farsi samsung,1,50,2%,8.56
تبدیل اینترنت h به 4g ایرانسل سامسونگ,1,47,2.13%,8.3
نمایندگی تعمیرات هواوی در تهران,1,47,2.13%,10.32
حل مشکل سیاه شدن صفحه گوشی سامسونگ,1,43,2.33%,9.56
مشکل کیبورد فارسی سامسونگ a 1,1,42,2.38%,3.98
روش لغو حالت ایمن در گوشی سامسونگ,1,36,2.78%,7.86
خاموش کردن حالت ایمن,1,33,3.03%,4.27
تعمیرات موبایل سامسونگ تهران,1,31,3.23%,7.42
شماره تعمیرات موبایل شبانه روزی,1,31,3.23%,8.26
پاکسازی بلندگو شیائومی نوت ۱۳ پرو,1,30,3.33%,6.63
ضبط صدا در گوشی شیائومی کجاست,1,30,3.33%,10.63
تعمیرات موبایل اپل,1,28,3.57%,5.61
farsi keyboard samsung,1,28,3.57%,9.79
چرا گوشی از حالت ایمن خارج نمی شود نی نی سایت,1,24,4.17%,4.88
نمایندگی ایسر تهران,1,24,4.17%,9.04
چرا وقتی گوشیم زنگ میخوره صفحه روشن نمیشه شیائومی,1,23,4.35%,6.39
اینترنت گوشی وصل است ولی کار نمی کند هواوی,1,22,4.55%,2.41
علت صدا دادن گوشی شیائومی,1,22,4.55%,10.23
نمایندگی تعمیرات گوشی سامسونگ,1,21,4.76%,16.48
تعمیرات گوشی شیائومی,1,21,4.76%,44.1
تعمیرات اپل تهران,1,19,5.26%,4.68
نمایندگی acer,1,19,5.26%,9.37
چرا بلندگو گوشی شیائومی کار نمیکنه,1,18,5.56%,2.06
iphone unavailable حل مشکل,1,18,5.56%,4.78
چگونه نصب کننده بسته را فعال کنیم شیائومی,1,18,5.56%,10.33
حالت ایمن چیست و چگونه غیر فعال میشود شیائومی,1,17,5.88%,4.24
علت بالا نیامدن اینترنت گوشی هونور,1,17,5.88%,9.35
تعمیر گوشی آب خورده نوکیا,1,16,6.25%,2.06
تعمیرات تخصصی,1,16,6.25%,4.69
iphone unavailable,1,16,6.25%,8.75
حالت ایمن گوشی شیائومی,1,15,6.67%,4.33
تعمیرات گوشی سامسونگ تهران,1,15,6.67%,7.93
تعمیرات موبایل آیفون,1,14,7.14%,6.43
اینترنت گوشی وصل است ولی کار نمی کند شیائومی ایرانسل,1,14,7.14%,9.57
حالت ایمن شیائومی,1,13,7.69%,3.69
گوشي سامسونگ چرا گوشی از حالت ایمن خارج نمی شود,1,13,7.69%,4.92
نصب کننده بسته مرتب متوقف میشود,1,13,7.69%,5.23
تعمیرات ساعت هوشمند سامسونگ,1,12,8.33%,7.42
نمایندگی هوآوی در تهران,1,12,8.33%,10
تعمیر لپ تاپ سونی,1,12,8.33%,10.92
تعمیرات شیائومی,1,12,8.33%,23.5
تعمیر پرینتر اچ پی,1,12,8.33%,27.08
نمایندگی ام اس ای,1,11,9.09%,13
تعویض ال سی دی honor 9x,1,10,10%,7.5
حل مشکل اینترنت همراه اول در شیائومی,1,10,10%,9.2
فعال كردن تاچ پد لپ تاپ ایسوس,1,9,11.11%,3.22
فضای دوم گوشی سامسونگ,1,9,11.11%,12.22
مشکل اینترنت ایرانسل در شیائومی,1,9,11.11%,13
علت خاموش نشدن حالت پرواز در گوشی سامسونگ,1,8,12.5%,2.62
تعمیر اسپیکر گوشی شیائومی,1,8,12.5%,6
تعمیرات موبایل سعادت آباد,1,8,12.5%,7.62
نمایندگی باتری لپ تاپ اچ پی,1,8,12.5%,7.88
مشکل ورود به سامسونگ اکانت,1,8,12.5%,25.75
ردیابی گوشی,1,8,12.5%,56.12
repairer,1,7,14.29%,2.86
تعمیر ساعت هوشمند,1,7,14.29%,12
فلش گوشی سامسونگ,1,7,14.29%,14.29
نمایندگی سامسونگ چارسو طبقه اول,1,7,14.29%,25
نمایندگی تعمیرات ایفون,1,6,16.67%,2.67
ارور iphone unavailable,1,6,16.67%,2.83
علت پیدا نکردن وای فای در گوشی شیائومی,1,6,16.67%,6.83
تعویض ال سی دی تبلت a9,1,6,16.67%,7.33
نمایندگی تعمیرات شیائومی تهران,1,6,16.67%,9.17
صدای تمیز کننده اسپیکر شیائومی نوت ۱۲,1,6,16.67%,9.83
نشانه های پریدن بایوس,1,6,16.67%,12.17
دانلود کیبورد اصلی سامسونگ فارسی,1,6,16.67%,17.5
نمایندگی ایسوس,1,6,16.67%,21.83
رمز گوشیم یادم رفته چکار کنم,1,6,16.67%,23.67
چگونه آیکون پیامک را برگردانیم,1,5,20%,8.8
تعویض باتری لپ تاپ ایسوس,1,5,20%,18.4
نمایندگی تعمیرات گوشی سامسونگ در پاساژ چارسو,1,5,20%,20
فیلترشکن همراه اول فورجی,1,5,20%,61.8
هزینه تعمیر ال سی دی گوشی سامسونگ a72,1,4,25%,19.75
قیمت تعویض شیشه گوشی سامسونگ,1,4,25%,20.25
چرا فروشگاه پلی میزنه تلاش مجدد,1,4,25%,21.5
حذف اکانت جیمیل بعد از ریست فکتوری سامسونگ,1,4,25%,28.5
روی شبکه ثبت نشده است,1,3,33.33%,3
علت پاک شدن عکس از گالری سامسونگ,1,3,33.33%,3
خروج از حالت ایمن شیائومی,1,3,33.33%,4.67
غیرفعال کردن حالت ایمن سامسونگ,1,3,33.33%,7.67
مرکز تعمیرات موبایل,1,3,33.33%,11
ضبط مکالمه در گوشی شیائومی نوت 12,1,3,33.33%,14.33
تست اسپیکر گوشی شیائومی,1,3,33.33%,14.67
نمایندگی لپ تاپ لنوو,1,3,33.33%,17.33
نمایندگی شیائومی در شرق تهران,1,3,33.33%,22.67
تعمیرات تخصصی موبایل,1,3,33.33%,25
چرا گوگل پلی وصل نمیشه,1,3,33.33%,26
تعمیر لپ تاپ لنوو تهران,1,2,50%,11
تعمیرات گوشی هواوی,1,2,50%,11.5
هزینه تعویض ال سی دی گوشی شیائومی نوت ۱۱,1,2,50%,14
چگونه فضای دوم گوشی سامسونگ را فعال کنیم,1,2,50%,18.5
مرکز تعمیرات موبایل تهران,1,2,50%,22.5
مشکل گوگل کروم در اتصال به اینترنت در گوشی شیائومی,1,2,50%,33.5
فروشگاه اپل,1,2,50%,37
صدای پاکسازی بلندگو,1,2,50%,43.5
تعویض ال سی دی نوت ۱۱,1,1,100%,2
نمایندگی تعمیرات گوشی آیفون,1,1,100%,3
نمایندگی ساعت هوشمند سامسونگ,1,1,100%,6
کمرنگ شدن حالت پرواز گوشی سامسونگ a23,1,1,100%,13
فضای دوم گوشی سامسونگ فارسی,1,1,100%,14
علت نرفتن صدا در گوشی شیائومی,1,1,100%,15
نمایندگی تعمیرات دل,1,1,100%,17
روشن نشدن گوشی آب خورده نی نی سایت,1,1,100%,20
نمایندگی تعمیرات سونی,1,1,100%,24
هزینه تعویض ال سی دی گوشی سامسونگ a23,1,1,100%,25
دانلود ایکون پیام شیائومی,1,1,100%,31
پشتیبانی گوشی شیائومی,1,1,100%,34
مشکل خاموش نشدن صفحه گوشی هنگام تماس شیائومی,1,1,100%,36
نمایندگی شیائومی صادقیه,1,1,100%,37
کیبورد سامسونگ,1,1,100%,46
شیائومی تهران,1,1,100%,64
دانلود ویندوز 11 نصب با فلش,1,1,100%,74
چگونه گوگل پلی سرویس را فعال کنیم,1,1,100%,116
نمایندگی تعمیر ات سامسونگ,0,508,0%,18.92
samsung galaxy tab a9 روشن نمیشود راه حل,0,462,0%,9.9
گوشیم افتاد تو آب صدا نداره نی نی سایت,0,439,0%,4.71
کیبورد فارسی سامسونگ,0,403,0%,9.61
نمایندگی سامسونگ,0,298,0%,26.93
انتقال مالکیت گوشی با کارتن,0,276,0%,9.51
چگونه آیفون ۱۳ را از حالت سایلنت خارج کنیم,0,231,0%,9.08
تبدیل اینترنت h به 4g ایرانسل,0,223,0%,7.84
نمایندگی تعمیرات سامسونگ تهران,0,199,0%,20.42
بکاپ گرفتن از گوشی,0,185,0%,7.51
اپل,0,184,0%,8.55
دلیل خالی شدن باتری ایفون ۱۳,0,173,0%,9.77
کالیبره کردن باتری شیائومی,0,169,0%,8.31
افزایش رم مجازی در ویندوز 10,0,164,0%,5.63
ضربه به گوشی چه عوارضی دارد,0,163,0%,8.15
نمایندگی تعمیرات سامسونگ در تهران,0,158,0%,22.4
علت کار نکردن کنترل تلویزیون سونی,0,157,0%,4.89
حروف عربية كيبوردم,0,148,0%,48.93
علت قطع شدن صدای لپ تاپ hp,0,143,0%,6.8
علت کار نکردن اینترنت گوشی شیائومی,0,143,0%,6.95
بک اپ گوشی,0,141,0%,8.08
نمایندگی سامسونگ در تهران,0,139,0%,28.97
خدمات پس از فروش سامسونگ,0,136,0%,13.94
چرا ایفون زود شارژ تموم میکنه,0,131,0%,7.54
صدای پاکسازی بلندگو شیائومی,0,131,0%,8.78
بک آپ گرفتن از گوشی,0,127,0%,8.32
تعمی,0,122,0%,9.2
علت کار نکردن بعضی از دکمه های کیبورد لپ تاپ لنوو,0,115,0%,8.07
نصب کننده بسته مرتب متوقف می شود,0,114,0%,5.78
حالت ایمن,0,111,0%,5.72
چگونه بکاپ بگیریم,0,104,0%,6.72
"""نمایندگی شیائومی"" ""سعادت آباد""",0,99,0%,5.13
افزایش رم لپ تاپ در ویندوز 10,0,97,0%,6.14
نمایندگی شیائومی سعادت آباد تهران,0,97,0%,9.07
علت h شدن اینترنت ایرانسل,0,95,0%,7.71
رم مجازی کامپیوتر,0,91,0%,8.78
خیس شدن گوشی شیائومی,0,89,0%,7.71
تنظیمات اینترنت گوشی هواوی y5,0,84,0%,3.3
آیکون پیامک حذف شده,0,84,0%,9.04
اگر گوشی انتقال مالکیت نشود چه میشود,0,83,0%,9.48
تعمیر لپ تاپ اچ پی در تهران,0,76,0%,6.78
چرا گوگل پلی کار نمیکنه,0,76,0%,12.99
فارسي كردن كيبورد سامسونگ,0,75,0%,7.93
snapdragon,0,74,0%,9.82
تعمیر سامسونگ,0,68,0%,20.29
02191300348,0,64,0%,2.95
آموزش بالا بردن رم کامپیوتر در ویندوز 10,0,63,0%,4.71
تعمیر لپ تاپ اچ پی,0,62,0%,6.73
نمایندگی شیائومی سعادت آباد,0,62,0%,8.73
صفحه کلید سامسونگ فارسی,0,62,0%,9.84
نحوه بکاپ گرفتن از گوشی,0,61,0%,7.67
apple service,0,60,0%,4.18
چگونه حالت ایمن را خاموش کنیم شیائومی,0,59,0%,6.07
بکاپ گوشی,0,58,0%,8.43
چرا اینترنت گوشی شیائومی کار نمیکنه,0,58,0%,8.67
چگونه از گوشی بکاپ بگیریم,0,58,0%,8.91
نمایندگی تعمیرسامسونگ,0,58,0%,14.07
حذف تبلیغات گوگل پلی در گوشی شیائومی,0,57,0%,7.65
چرا باتری ایفون ۱۶ زود خالی میشه,0,55,0%,10.09
مشکل کیبورد فارسی سامسونگ a ا,0,54,0%,3.81
پاکسازی بلندگو شیائومی نوت ۱۲,0,52,0%,7.27
نصب کیبورد فارسی سامسونگ,0,52,0%,7.62
نمایندگی تعمیرات یخچال سامسونگ,0,51,0%,42.69
تعمیر موبایل,0,51,0%,52.29
چرا نصب کننده بسته مرتب متوقف میشود,0,48,0%,6.08
"""کلون برنامه"" اوپو",0,48,0%,6.48
کار نکردن کیبورد لپ تاپ لنوو در ویندوز 10,0,48,0%,7.12
چگونه رمز گوشی را عوض کنیم وقتی فراموش کردیم,0,48,0%,9.31
دلیل کار نکردن اینترنت گوشی شیائومی,0,47,0%,6.81
قفل شدن کنترل تلویزیون سونی,0,46,0%,4.09
این کنش واگرد شدنی نیست,0,46,0%,9.46
دلیل زود خالی شدن باتری ایفون,0,46,0%,9.52
انتقال مالکیت گوشی بدون سیم کارت قبلی,0,45,0%,8.71
"""نمایندگی شیائومی"" سعادت آباد",0,44,0%,5.5
فیلم تعمیر گوشی آب خورده شیائومی,0,44,0%,7.16
نمایندگی تعمیر یخچال سامسونگ,0,44,0%,43.57
هزینه تعمیر هارد لپ تاپ,0,42,0%,7.6
چجوری لپتاپ رو به تلویزیون وصل کنیم,0,42,0%,8.52
چرا اینترنت h میشه,0,40,0%,6.72
آموزش بکاپ گرفتن از گوشی,0,40,0%,7.62
افزایش رم مجازی,0,40,0%,8.1
چرا اینترنت فقط با فیلتر شکن کار میکند شیائومی,0,40,0%,9.2
نمایندگی سامسونگ تهران,0,40,0%,30.27
اینترنت گوشی وصل است ولی کار نمی کند شیائومی نی نی سایت,0,39,0%,6.1
علت روشن نشدن صفحه گوشی شیائومی هنگام زنگ خوردن,0,39,0%,6.79
چرا صفحه لپ تاپ بالا نمیاد,0,37,0%,9.49
تعمیرات تخصصی اپل,0,36,0%,2.06
نمایندگی رسمی شیائومی سعادت آباد تهران,0,36,0%,8.08
نمایندگی تعمیر سامسونگ در تهران,0,36,0%,19.44
تعمیر ایفون,0,34,0%,5.91
تعمیرات گوشی آیفون,0,34,0%,7.71
اب رفتن تو گوشی شیائومی,0,34,0%,8.56
تعمیر هارد لپ تاپ,0,34,0%,21.56
تعمیرات تخصصی آیفون,0,33,0%,5.48
چرا اینترنت شیائومی کار نمیکنه,0,33,0%,7.94
علت اچ شدن اینترنت گوشی,0,33,0%,10.36
تعمیر آیفون,0,32,0%,4.69
فارسی کردن کیبورد سامسونگ,0,32,0%,5.28
تعمیرات لپ تاپ اچ پی,0,32,0%,7.28
نصب ویندوز 11 با فلش,0,32,0%,7.28
چرا شارژ آیفون زود تموم میشه,0,32,0%,7.91
فعال سازی فست شارژ شیائومی,0,32,0%,8.75
تعمیر اپل,0,31,0%,5.26
علت کار نکردن دکمه سایلنت آیفون,0,31,0%,9.71
تعمیر کنترل کولر گازی هایسنس,0,30,0%,5.63
نمایندگی هواوی,0,30,0%,9.67
رفع مشکل اینترنت شیائومی,0,30,0%,9.87
تعمیر مک بوک,0,30,0%,25.9
تعمیر گوشی آیفون,0,29,0%,9
فارسی کردن کیبورد گوشی سامسونگ,0,28,0%,6.43
پاکسازی بلندگو شیائومی نوت ۱۱,0,28,0%,7.75
نمایندگی موتورولا در بازار موبایل ایران,0,28,0%,8.29
چرا اینترنت گوشی شیائومی وصل نمیشه,0,28,0%,8.36
چرا اینترنت شیائومی وصل نمیشه,0,28,0%,8.5
فعال كردن تاچ پد لپ تاپ ایسوس در ویندوز 10,0,27,0%,5.74
تعمیر گوشی های قدیمی,0,27,0%,6.15
مشکل خاموشی a24,0,27,0%,7.41
چگونه گوشی را از حالت سایلنت خارج کنیم در ایفون,0,26,0%,9.77
services,0,25,0%,4.76
رم مجازی ویندوز 10,0,25,0%,5.68
چگونه اینترنت گوشی هواوی را قوی کنیم,0,25,0%,8
آموزش نصب ویندوز ۱۱ با فلش,0,25,0%,8.2
حل مشکل گزارش خرابی برای تحلیل به mi,0,25,0%,9.2
پشتیبان گیری از اطلاعات گوشی,0,25,0%,10.12
شماره تلفن نمایندگی سامسونگ در تهران,0,25,0%,24.32
مرکز تخصصی تعمیرات ایفون,0,24,0%,3.83
لکه سیاه روی صفحه گوشی شیائومی,0,24,0%,9.46
نمایندگی لپ تاپ لنوو در شرق تهران,0,24,0%,9.71
تنظیمات قفل ایمن,0,24,0%,43.83
نمایندگی msi در غرب تهران,0,23,0%,3.87
چگونه کیبورد سامسونگ را فارسی کنیم,0,23,0%,5.17
چگونه صفحه کلید سامسونگ را فارسی کنیم,0,23,0%,5.48
نمایندگی msi شیراز,0,23,0%,6.57
چگونه وقتی گوشی زنگ میخوره صفحه روشن نمیشه شیائومی,0,23,0%,6.74
چت آنلاین مشکلات موبایل سامسونگ,0,23,0%,13.96
اینترنت گوشی شیائومی کار نمیکنه,0,22,0%,7.64
قفل شدن کیبورد لپ تاپ لنوو,0,22,0%,8.59
علت روشن نشدن لپ تاپ ایسوس,0,22,0%,9
نمایندگی ایسر,0,22,0%,11.32
زبان فارسی کیبورد سامسونگ,0,21,0%,5.81
"""کلون برنامه"" تنظیمات اوپو",0,21,0%,6.48
چرا با اینترنت همراه اول گوگل باز نمی شود گوشی شیائومی,0,21,0%,7.52
تعمیر مانیتور msi,0,21,0%,8.19
علت کار نکردن گوگل پلی در گوشی سامسونگ,0,21,0%,11.05
علت نصب نشدن برنامه در گوشی شیائومی بعد از فلش زدن,0,21,0%,13.19
این کنش دائمی است و واگرد شدنی نیست یعنی چه,0,20,0%,7.5
علت کار نکردن فروشگاه پلی در گوشی شیائومی,0,20,0%,7.55
علت زود خالی شدن باتری ایفون ۱۳,0,20,0%,8.35
حذف اکانت سامسونگ بعد از فکتوری ریست,0,20,0%,12.35
تعمیر یخچال,0,20,0%,50.25
چشمک زدن علامت باتری گوشی سامسونگ,0,19,0%,2.74
حالت ایمن گوشی کجاست,0,19,0%,3.68
خارج شدن از حالت ایمن گوشی سامسونگ اپارات,0,19,0%,3.84
نمایندگی موتورولا پاساژ علاءالدین,0,19,0%,6.58
ضربه خوردن گوشی شیائومی,0,19,0%,7.79
سوختن ال سی دی گوشی شیائومی,0,19,0%,7.95
مرکز خدمات شیائومی سعادت آباد,0,19,0%,9.32
خدمات اپل,0,18,0%,1.33
چرا گوگل پلی در گوشی شیائومی کار نمی کند,0,18,0%,3.67
farsi kardan keyboard samsung,0,18,0%,7.28
package installer keeps stopping xiaomi,0,18,0%,8.06
نمایندگی موتورولا پاساژ علاالدین تهران,0,18,0%,9.17
دانلود صفحه کلید سامسونگ فارسی,0,18,0%,9.94
تغییر زبان کیبورد گوشی سامسونگ,0,18,0%,10
علت پیدا نکردن وای فای در گوشی شیائومی پوکو x3,0,18,0%,10.17
حل مشکل iphone locked to owner,0,18,0%,10.33
نمایندگی سامسونگ تعمیرات,0,18,0%,18.78
نمایندگی تعمیر سامسونگ تهران,0,18,0%,25.83
تعمیر گوشی,0,18,0%,54.06
تعمیراتی موبایل,0,18,0%,69.61
چرا گوشی هواوی به اینترنت وصل نمیشه,0,17,0%,2.82
حل مشکل نبودن حالت 4g lte در تنظیمات شبکه,0,17,0%,5.29
تعمیر گوشی سامسونگ قدیمی,0,17,0%,5.35
تعمیرات آیپد,0,17,0%,5.82
نمایندگی ایفون,0,17,0%,5.94
ضربه به گوشی سامسونگ چه عوارضی دارد,0,17,0%,7.47
تعمیر گوشی قدیمی,0,17,0%,9.18
آب رفتن در بلندگوی گوشی شیائومی,0,17,0%,10.06
اگر انتقال مالکیت گوشی انجام نشود چه میشود نی نی سایت,0,17,0%,19.18
بازسازی گوشی قدیمی,0,16,0%,7.75
نمایندگی هوآوی,0,16,0%,8
مشکل گوگل پلی در شیائومی,0,16,0%,8.44
نمایندگی رسمی هواوی در تهران,0,16,0%,8.94
نمایندگی hp در شرق تهران,0,16,0%,10.12
چگونه اینترنت گوشی هونور را فعال کنیم,0,16,0%,10.44
تعمیر موبایل اپل,0,16,0%,13
main menu xiaomi,0,16,0%,15.56
نمایندگی تعمیرات شیائومی,0,16,0%,21.62
تعمیر لپ تاپ ایسوس vivobook,0,16,0%,22.19
گوگل پلی کی وصل میشه,0,16,0%,35
تعمیر یخچال سامسونگ,0,16,0%,60.38
نمایندگی اپل تهران,0,15,0%,2.2
چگونه گوشی را از حالت ایمن خارج کنیم,0,15,0%,3.4
فارسي كردن صفحه كليد سامسونگ,0,15,0%,6.6
تعمیر گوشی آیفون شبانه روزی,0,15,0%,6.73
نحوه بک آپ گرفتن از گوشی,0,15,0%,7.4
بازار موبایل چارسو اپل,0,15,0%,8.2
چرا اینترنت همراه اول وصل نمیشه شیائومی,0,15,0%,8.47
نصب کننده بسته متوقف شده است سامسونگ,0,15,0%,8.53
روش كاليبره كردن باتري گوشي شیائومی,0,15,0%,8.87
علت چشمک زدن صفحه گوشی شیائومی,0,15,0%,9.27
حالت ایمن سامسونگ کجاست,0,15,0%,10.33
برنامه فضای دوم گوشی,0,15,0%,12.73
تعمیر موبایل سامسونگ در تهران,0,15,0%,14.2
back to main menu,0,15,0%,17.73
تعمیرگاه سامسونگ تهران,0,15,0%,32.2
خدمات پس از فروش شیائومی,0,15,0%,45.53
شماره نمایندگی اپل در تهران,0,14,0%,1.93
قفل شدن تاچ پد لپ تاپ ایسوس,0,14,0%,3.86
تعمیرات گوشی ایفون,0,14,0%,4.21
"""سعادت آباد"" ""شیائومی"" ""میدان کاج""",0,14,0%,5.21
persian language for samsung keyboard,0,14,0%,5.93
مشکل اینترنت گوشی شیائومی,0,14,0%,6.07
خاموش كردن حالت ايمن سامسونگ,0,14,0%,7.07
نمایندگی اپل,0,14,0%,7.07
تعمیر گوشی سامسونگ در تهران,0,14,0%,8.57
چرا باتری گوشی ایفون زود خالی میشه,0,14,0%,8.86
ریکاوری باتری شیائومی,0,14,0%,9
تعمیر ال سی دی گوشی شیائومی,0,14,0%,9.5
تعمیرات ایسوس,0,14,0%,12.36
صدای تمیز کننده اسپیکر شیائومی,0,14,0%,17
تعمیر سامسونگ تهران,0,14,0%,25.93
خدمات پس ازفروش سامسونگ,0,14,0%,42.43
تنظیمات اینترنت گوشی هواوی قدیمی,0,13,0%,2.92
مشکل نصب کننده بسته متوقف شده است,0,13,0%,5.08
ضبط مکالمه دو طرفه گوشی شیائومی,0,13,0%,6.69
چگونه از اطلاعات گوشی بک آپ بگیریم,0,13,0%,6.69
شماره نمایندگی هواوی,0,13,0%,7.08
علت قطع شدن فیلتر شکن در گوشی هواوی y5 2019,0,13,0%,7.23
روش بک آپ گرفتن از گوشی,0,13,0%,7.77
چگونه فضای دوم گوشی هونور را فعال کنیم,0,13,0%,7.85
ایکون پیامک حذف شده را چگونه برگردانیم,0,13,0%,7.92
تبدیل اینترنت e به 4g ایرانسل,0,13,0%,8.15
افتادن گوشی شیائومی در آب,0,13,0%,8.69
اینترنت گوشی شیائومی وصل نمیشه,0,13,0%,8.77
پاکسازی بلندگو شیائومی,0,13,0%,8.92
آموزش جدید حذف اکانت جیمیل بعد از ریست فکتوری در گوشی های سامسونگ a20,0,13,0%,9.23
چرا گوگل پلی باز نمیشه,0,13,0%,21.23
تعمیرات لپ تاپ ایسر,0,13,0%,34.23
تعمیرات گوشی,0,13,0%,50.23
تعمیر گوشی در محل,0,13,0%,50.54
تعمیر و ترمیم ال سی دی شکسته,0,13,0%,51.38
چرا گوگل پلی شیائومی کار نمیکنه,0,12,0%,4.17
حالت ایمن چیست و چگونه غیر فعال میشود سامسونگ,0,12,0%,4.5
حل مشکل نصب کننده بسته متوقف شده است,0,12,0%,6.08
حذف شدن آیکون پیام در گوشی شیائومی نوت 8,0,12,0%,7.17
بکاپ گیری از گوشی,0,12,0%,8.08
نمایندگی ایفون در تهران,0,12,0%,8.25
چرا اینترنت گوشیم کار نمیکنه شیائومی,0,12,0%,8.25
apple,0,12,0%,8.33
آپدیت گوشی یعنی چه,0,12,0%,8.58
آیکون پیامک حذف شده شیائومی,0,12,0%,8.75
چشمک زدن صفحه گوشی شیائومی,0,12,0%,8.75
نمایندگی فروش محصولات موتورولا,0,12,0%,8.92
تست بلندگو شیائومی,0,12,0%,9.92
چرا علامت lte بالا نمیاد سامسونگ,0,12,0%,10.5
خش خش اسپیکر گوشی شیائومی,0,12,0%,11.08
این کنش واگرد شدنی نیست یعنی چه,0,12,0%,13
نصب کننده بسته,0,12,0%,15.25
تعمیرات لپ تاپ لنوو,0,12,0%,15.58
انتقال مالکیت گوشی بدون سیم کارت قبلی نی نی سایت,0,12,0%,21.17
اپل استور تهران,0,12,0%,29.75
نمایندگی رسمی سامسونگ,0,12,0%,40.25
تعمیرات تخصصی ایفون,0,11,0%,3.36
apple a4,0,11,0%,3.82
ریست فکتوری,0,11,0%,4.91
شرکت هواوی در سعادت آباد,0,11,0%,5.82
رفع مشکل iphone unavailable بدون پاک شدن اطلاعات,0,11,0%,6.64
افزایش رم لپ تاپ به صورت مجازی,0,11,0%,7.18
روشن نشدن صفحه گوشی هنگام زنگ خوردن شیائومی,0,11,0%,7.55
پشتیبانی هواوی,0,11,0%,7.64
نصب کننده بسته مرتب متوقف می شود در گوشی سامسونگ,0,11,0%,8
نحوه نصب ویندوز ۱۱ با فلش,0,11,0%,8.27
حذف شدن آیکون پیامک در گوشی شیائومی,0,11,0%,8.36
علت سیاه شدن صفحه گوگل در گوشی سامسونگ,0,11,0%,9.09
چگونه ایفون را از سایلنت در بیاوریم,0,11,0%,9.55
برد s22 ultra,0,11,0%,10
چگونه نصب کننده بسته را فعال کنیم,0,11,0%,10.91
تعمیرات سامسونگ تهران,0,11,0%,15.64
علت وصل نشدن فیلتر شکن در شیائومی همراه اول,0,11,0%,16.45
مرکز خدمات سامسونگ,0,11,0%,17.45
نمایندگی رسمی تعمیرات سامسونگ,0,11,0%,20.45
نماینده تعمیرات سامسونگ,0,11,0%,23.27
نمایندگی سامسون,0,11,0%,49.82
تعویض گلس گوشی,0,11,0%,53.36
انتقال مالکیت گوشی,0,11,0%,64
حالت ایمن گوشی,0,10,0%,2.7
تعمیرات ایفون تهران,0,10,0%,3.2
service,0,10,0%,3.3
appleservice,0,10,0%,3.9
تو بلندگو گوشیم اب رفته چیکار کنم,0,10,0%,6.3
تعمیر اپل واچ,0,10,0%,6.9
روش بکاپ گرفتن از گوشی,0,10,0%,7.3
مشکل حالت ایمن a20s,0,10,0%,7.9
سرویس کولر گازی هایسنس,0,10,0%,8
آموزش نصب ویندوز 11 با فلش,0,10,0%,8.1
باتری poco x6 pro چند آمپر است,0,10,0%,8.6
آیکون پیامک حذف شده را چگونه برگردانیم,0,10,0%,8.8
مرکز خدمات شیائومی سعادت آباد تهران,0,10,0%,8.9
اگر مالکیت گوشی را انتقال ندهیم چه می شود,0,10,0%,9.3
تنظیمات اسپیکر گوشی شیائومی,0,10,0%,9.3
اینترنت شیائومی کار نمیکنه,0,10,0%,9.8
نمایندگی تعمیرات موتورولا در مشهد,0,10,0%,10
اب رفته تو اسپیکر گوشیم,0,10,0%,10.2
حذف جیمیل از گوشی سامسونگ بعد از فلش,0,10,0%,11.6
آیا شیشه گوشی شکسته تعمیر می شود,0,10,0%,12.3
روشن نشدن لپ تاپ ایسوس,0,10,0%,13
تعمیرات لپ تاپ اچ پی hp,0,10,0%,13.9
عدم نمایش تماس ورودی روی صفحه شیائومی,0,10,0%,15.4
دانلود زبان فارسی برای کیبورد گوشی سامسونگ,0,10,0%,17.2
تعمیرات مک بوک,0,10,0%,19.2
پشتیبانی شیائومی ۲۴ ساعته,0,10,0%,19.7
تعمیر لپ تاپ لنوو,0,10,0%,19.9
شماره نمایندگی سامسونگ در تهران,0,10,0%,29.8
نمایندگی ایسوس غرب تهران,0,10,0%,35.2
شیشه موبایل,0,10,0%,39
نمايندگي سامسونگ,0,10,0%,39.2
 - انتقال مالكيت گوشي,0,10,0%,44.5
تعمیر موبایل در محل,0,10,0%,51.1
تعمیرات موبایل در محل,0,10,0%,54.7
بهترین گارانتی گوشی سامسونگ,0,10,0%,55.6
ремонт часовник samsung,0,10,0%,85.4
فیکس اپل,0,9,0%,2.56
نمایندگی تعمیرات اپل در تهران,0,9,0%,4.22
غیر فعال کردن حالت ایمن,0,9,0%,5.67
نمایندگی آیفون,0,9,0%,6.56
طریقه بکاپ گرفتن از گوشی,0,9,0%,7.33
چرا اینترنت e میشود,0,9,0%,7.89
علت پیدا نکردن وای فای در گوشی شیائومی نوت ۱۳,0,9,0%,8
چگونه بک آپ بگیریم,0,9,0%,8.22
چگونه دوربین دوم گوشی هواوی را فعال کنیم,0,9,0%,8.78
باز كردن لپ تاپ hp,0,9,0%,8.89
علت زود شارژ خالي كردن ايفون,0,9,0%,9.56
حذف گوگل پلی از گوشی شیائومی,0,9,0%,9.89
فست شارژ شیائومی,0,9,0%,10.11
تميز كردن اسپيكر گوشي با صدا شیائومی,0,9,0%,10.22
علت کار نکردن دکمه سایلنت آیفون ۱۶,0,9,0%,10.78
مشکل اینترنت همراه اول در شیائومی,0,9,0%,11.11
حل مشکل اینترنت ایرانسل در شیائومی,0,9,0%,12.67
چرا گوگل پلی کار نمیکند,0,9,0%,12.89
اینترنت 4g,0,9,0%,14.33
ریست باتری شیائومی با استفاده از حالت بازیابی,0,9,0%,14.89
پشتیبانی سامسونگ موبایل,0,9,0%,27
نمایندگی دل,0,9,0%,32.56
تعمیر لپ تاپ ایسوس,0,9,0%,33.22
علت سایلنت شدن گوشی آیفون,0,8,0%,2.12
حالت ایمن گوشی چیست,0,8,0%,2.88
apple-service,0,8,0%,3.38
نمایندگی اپل در ایران,0,8,0%,5
اتصال ایمن گوشی,0,8,0%,5.12
کمرنگ شدن حالت پرواز گوشی سامسونگ a72,0,8,0%,5.12
"""نمایندگی شیائومی"" سعادت آباد تهران",0,8,0%,5.75
حالت امن,0,8,0%,5.88
تعویض ال سی دی پوکو x6 pro,0,8,0%,6.5
چرا اینترنت رایتل 4g نمیشه,0,8,0%,6.88
صفحه لب تاب بالا نمیاد,0,8,0%,7.88
نت گوشی شیائومی کار نمیکنه,0,8,0%,7.88
نمایندگی باتری لپ تاپ لنوو,0,8,0%,7.88
تبدیل اینترنت h به 4g,0,8,0%,8
علت پاک شدن پیام ها در گوشی شیائومی,0,8,0%,8.5
علت زود خالی شدن باتری ایفون,0,8,0%,8.88
چگونه لپتاپ رو به تلویزیون وصل کنیم,0,8,0%,8.88
بهترین کیبورد سامسونگ,0,8,0%,9.12
علت کار نکردن دکمه سایلنت ایفون ۱۶,0,8,0%,9.75
دانلود صفحه کلید فارسی سامسونگ,0,8,0%,10.25
تعمیر گوشی هوآوی,0,8,0%,11.25
تبدیل اینترنت h به 4g همراه اول سامسونگ,0,8,0%,11.75
نمایندگی تعمیرات گوشی سامسونگ در تهران,0,8,0%,15.38
نمایندگی لنوو در تهران,0,8,0%,17.5
خدمات تعمیر سامسونگ,0,8,0%,24.75
پیام نگار شیائومی,0,8,0%,25.62
تعميرات موبايل,0,8,0%,38
نمایندگی تعمیر ظرفشویی سامسونگ تهران,0,8,0%,43
apple servis,0,7,0%,2.71
حل مشکل حالت پرواز نیمه روشن,0,7,0%,3
تعمیر گوشی ایفون,0,7,0%,3.86
نمایندگی اپل در تهران چارسو,0,7,0%,4.14
نمایندگی رسمی شیائومی سعادت آباد,0,7,0%,4.57
حالت ایمن چیست و چگونه غیر فعال میشود,0,7,0%,5.14
چطور کیبورد گوشی سامسونگ را فارسی کنیم,0,7,0%,5.29
fastbootیعنی چه,0,7,0%,6
apple services,0,7,0%,7
خاموش کردن حالت ایمن سامسونگ,0,7,0%,7
حل مشکل حالت پرواز نیمه روشن a23,0,7,0%,7.14
چشمک زدن گوشی سامسونگ,0,7,0%,7.57
تعمیرات گوشی ریلمی,0,7,0%,8.14
سیاه شدن صفحه گوشی سامسونگ,0,7,0%,8.14
کالیبره کردن باتری گوشی شیائومی,0,7,0%,8.14
چگونه گوشی را به تنظیمات کارخانه برگردانیم فارسی,0,7,0%,8.29
فضای دوم گوشی هواوی,0,7,0%,8.86
تعمیر کنترل تلویزیون سونی,0,7,0%,9
چطور لپتاپ رو به تلویزیون وصل کنیم,0,7,0%,9.71
نمایندگی msi تهران,0,7,0%,10.71
تعمیرات موبایل ایفون,0,7,0%,11.57
علت پیدا نکردن وای فای در گوشی شیائومی نوت ۱۲,0,7,0%,11.86
نمایندگی موتورولا در چارسو,0,7,0%,12
main menu redmi,0,7,0%,14.86
علت کار نکردن گوگل در گوشی سامسونگ,0,7,0%,16
فلش کردن گوشی سامسونگ,0,7,0%,16
چگونه ضبط مکالمه شیائومی را فعال کنیم فارسی,0,7,0%,17
شماره پشتیبانی سامسونگ,0,7,0%,17.43
نمایندگی تبلت ایسوس,0,7,0%,19.57
علت وصل نشدن فیلتر شکن در شیائومی,0,7,0%,19.71
خدمات پس از فروش تعمیرات لباسشویی سامسونگ,0,7,0%,20
خدمات پس از فروش دل,0,7,0%,20.57
زمان اتصال گوگل پلی,0,7,0%,20.71
تعمیرات اپل واچ,0,7,0%,23
خدمات مشتریان سامسونگ,0,7,0%,24.57
فلش زدن گوشی سامسونگ,0,7,0%,31.57
گارانتی سامسونگ موبایل,0,7,0%,38.43
تعمیر ال سی دی سامسونگ,0,7,0%,40
تعمیرات لپ تاپ ایسوس,0,7,0%,46.43
نمایندگی یخچال سامسونگ,0,7,0%,49.14
نمایندگی تعمیر تلویزیون سامسونگ در تهران,0,7,0%,51.29
نمایندگی تعمیر موبایل,0,7,0%,53.71
تعمیر کار ایفون,0,6,0%,1
خارج کردن گوشی از حالت ایمن,0,6,0%,3.33
حالت ایمن را چگونه غیر فعال کنیم,0,6,0%,5.5
تعویض ال سی دی a24,0,6,0%,6
package installer has stopped,0,6,0%,6.33
سیاه شدن صفحه اینترنت گوشی سامسونگ,0,6,0%,6.83
حالت ایمن سامسونگ,0,6,0%,7.17
فضای دوم گوشی,0,6,0%,7.17
persian keyboard samsung,0,6,0%,7.67
بازنشانی کارخانه,0,6,0%,7.67
تلفن تعمیر الکترونیک بازی ها,0,6,0%,7.67
حذف شدن آیکون پیام در گوشی شیائومی,0,6,0%,8
تعمیر گوشی های قدیمی سونی اریکسون,0,6,0%,8.33
رم مجازی ویندوز,0,6,0%,8.33
رفع خطای گوگل پلی در شیائومی,0,6,0%,8.5
عدم انتقال مالکیت گوشی توسط خریدار,0,6,0%,8.5
اضافه کردن رم مجازی,0,6,0%,8.83
تعمیر گوشی سونی اریکسون قدیمی,0,6,0%,8.83
جدا شدن صفحه گوشی شیائومی,0,6,0%,9.5
خروج از حالت ایمن سامسونگ,0,6,0%,9.5
علت پیدا نکردن وای فای در گوشی شیائومی نوت 8,0,6,0%,10
برد گوشی a72,0,6,0%,10.83
کد پاکسازی بلندگو شیائومی,0,6,0%,11.5
افتادن گوشی روی زمین,0,6,0%,11.67
ضبط مکالمه در گوشی شیائومی نوت 13,0,6,0%,17.17
اموزش فلش كردن گوشي سامسونگ,0,6,0%,18.33
مشکل پردازش انجام نشد سامسونگ اکانت,0,6,0%,18.33
تعمیرکار سامسونگ,0,6,0%,22.17
تعمیرگاه مرکزی سامسونگ,0,6,0%,22.33
حذف پیام نگار گوگل در گوشی شیائومی,0,6,0%,22.67
تعمیرگاه سامسونگ,0,6,0%,26
گوشی زنگ میخوره ولی صفحه روشن نمیشه,0,6,0%,27.17
نمايندگي سامسونگ تهران,0,6,0%,34.5
نمایندگی تعمیرات تلویزیون سامسونگ در تهران,0,6,0%,53.33
تعمیرات موبایل تهران,0,6,0%,54.33
نمایندگی شیائومی در تهران,0,6,0%,69.33
اپل مرکزی,0,5,0%,2.6
چگونه از حالت سیف مود خارج شویم,0,5,0%,3.8
چگونه از حالت ایمن خارج شویم,0,5,0%,4.2
علت پاک شدن ناگهانی عکس های گوشی سامسونگ,0,5,0%,4.4
iphone unavailable یعنی چی,0,5,0%,4.6
نمایندگی اپل ایران,0,5,0%,4.8
چگونه safe mode را خاموش کنیم,0,5,0%,4.8
چجوری کیبورد سامسونگ را فارسی کنیم,0,5,0%,5
mi service,0,5,0%,6
ارور نصب کننده بسته مرتب متوقف میشود,0,5,0%,6
برداشتن حالت ایمن شیائومی,0,5,0%,6.6
اموزش بکاپ گرفتن,0,5,0%,7
نمایندگی تعمیرات شیائومی در چارسو,0,5,0%,7
تعویض باتری redmi 9t,0,5,0%,7.4
نمایندگی تعمیر گوشی سامسونگ در تهران,0,5,0%,7.4
اگر گوشی انتقال مالکیت نداشته باشد چه میشود,0,5,0%,7.6
چگونه لپ تاپ رو به تلویزیون وصل کنیم,0,5,0%,7.6
اگر گوشی را بروزرسانی کنیم چه میشود,0,5,0%,7.8
باز کردن تبلت a9,0,5,0%,7.8
کار نکردن اینترنت گوشی شیائومی,0,5,0%,7.8
کالیبره گوشی شیائومی,0,5,0%,7.8
fastboot چگونه خارج شویم,0,5,0%,8
صفحه لپ تاپ بالا نمیاد,0,5,0%,8
حالت safe mode سامسونگ,0,5,0%,8.2
علت شارژ نشدن لپ تاپ ایسوس,0,5,0%,8.2
چگونه حالت ایمن را خاموش کنیم سامسونگ,0,5,0%,8.2
اگر گوشی شیائومی در آب افتاد چه کنیم,0,5,0%,8.4
طریقه بک آپ گرفتن از گوشی,0,5,0%,8.4
package installer چیست,0,5,0%,9
خارج شدن از main menu شیائومی بدون پاک شدن اطلاعات,0,5,0%,9
چرا آیفون زود شارژ خالی میکنه,0,5,0%,9
چگونه از حالت fastboot شیائومی خارج شویم نی نی سایت,0,5,0%,9.2
چگونه اینترنت گوشی را 4g کنیم,0,5,0%,9.2
هاید کردن برنامه در ایفون,0,5,0%,9.4
چرا شارژ ایفون زود خالی میشه,0,5,0%,9.4
برگرداندن ایکون پیام در شیائومی,0,5,0%,9.6
نمایندگی لپ تاپ hp در تهران,0,5,0%,10.2
چگونه آیفون ۱۱ را از حالت سایلنت خارج کنیم,0,5,0%,10.4
شرکت هواوی در تهران,0,5,0%,10.6
رمز گوشی رو فراموش کردم چیکار کنم,0,5,0%,11
صفحه کلید فارسی انگلیسی سامسونگ,0,5,0%,11.4
safe mode,0,5,0%,11.6
چرا باتری ایفون زود خالی میشه,0,5,0%,12
بهترین مرکز تعمیرات موبایل,0,5,0%,12.6
تعمیر ریموت کنترل تلویزیون سونی,0,5,0%,12.6
علت خالی شدن باتری ایفون بدون استفاده,0,5,0%,12.6
نحوه نصب ویندوز 11 با فلش,0,5,0%,12.6
معنی fastboot,0,5,0%,13.4
علت کار نکردن گوگل در گوشی شیائومی ایرانسل,0,5,0%,14.2
از کار افتادن فست شارژ گوشی شیائومی,0,5,0%,15.4
تست آیفون دست دوم,0,5,0%,15.6
چرا علامت اینترنت بالای گوشی نمیاد شیائومی,0,5,0%,15.6
اپل تهران,0,5,0%,16
تعمیر گوشی هواوی,0,5,0%,16.8
عدم نمایش تماس ورودی روی صفحه شیائومی نوت ۱۴,0,5,0%,17.4
علت نصب نشدن برنامه در گوشی شیائومی,0,5,0%,18.8
قطعی گوگل پلی,0,5,0%,19.8
شماره تلفن خدمات پس از فروش لباسشویی سامسونگ,0,5,0%,20.8
فروشگاه اپل در تهران,0,5,0%,21
شماره نمایندگی سامسونگ,0,5,0%,25.2
چرا گوگل پلی کار نمیکنه امروز,0,5,0%,25.4
چگونه ضبط مکالمه شیائومی را فعال کنیم,0,5,0%,26.8
نمایندگی تعمیرات,0,5,0%,27.4
نمایندگی رسمی دل,0,5,0%,27.6
مخفی کردن برنامه,0,5,0%,29.8
تعمیرات لب تاب ایسوس,0,5,0%,34.2
نمایندگی تعمیرات گوشی سونی در بازار موبایل ایران,0,5,0%,34.8
تعمیر تلویزیون در تهران,0,5,0%,39.4
ضبط مکالمه دوطرفه,0,5,0%,43.2
تعمیر گوشی اپل,0,4,0%,2.75
اپل ۲۴,0,4,0%,3
apple repair,0,4,0%,3.25
آموزش خارج شدن از حالت ایمن,0,4,0%,3.25
چگونه حالت ایمن را خاموش کنیم,0,4,0%,3.25
کمرنگ شدن حالت پرواز گوشی سامسونگ نی نی سایت,0,4,0%,3.25
اضافه کردن زبان فارسی به کیبورد سامسونگ,0,4,0%,4
چطور حالت ایمن را خاموش کنیم,0,4,0%,4
چگونه از حالت safe mode خارج شویم,0,4,0%,4.5
چگونه حالت ایمن شیائومی را خاموش کنیم,0,4,0%,4.5
servises,0,4,0%,6
اموزش نصب ویندوز ۱۱ با فلش,0,4,0%,6.25
چت آنلاین با پشتیبانی هواوی,0,4,0%,6.25
safe mode شیائومی,0,4,0%,6.5
اینترنت شیائومی بالا نمیاد,0,4,0%,6.5
چرا اینترنت گوشیم h شده,0,4,0%,6.5
چرا کیبورد سامسونگ فارسی نمیشه,0,4,0%,6.5
تعمیرپاوربانک,0,4,0%,6.75
خاموش کردن safe mode,0,4,0%,6.75
غير فعال كردن حالت ايمن سامسونگ,0,4,0%,6.75
تعویض ال سی دی گوشی موتورولا,0,4,0%,7
پاکسازی بلندگو شیائومی کجاست,0,4,0%,7
تعمیر گوشی سامسونگ تهران,0,4,0%,7.25
مشکل not registered on network همراه اول,0,4,0%,7.25
شماره تلفن نمایندگی acer در تهران,0,4,0%,7.5
بالا نیامدن صفحه لپ تاپ,0,4,0%,7.75
روی شبکه ثبت نشده,0,4,0%,7.75
فورجی کردن اینترنت,0,4,0%,7.75
نصب ویندوز 11 از روی فلش,0,4,0%,8
بازنشانی,0,4,0%,8.25
بوت نشدن لپ تاپ ایسر,0,4,0%,8.25
تبدیل اینترنت h به 4g ایرانسل شیائومی,0,4,0%,8.5
تنظیمات مخاطبین در گوشی شیائومی,0,4,0%,8.5
روشن نشدن وای فای لپ تاپ hp,0,4,0%,8.5
علت اکو شدن صدا در گوشی شیائومی,0,4,0%,8.5
تعمیر کولر گازی هایسنس در تهران,0,4,0%,8.75
قیمت تعمیر گوشی خم شده سامسونگ,0,4,0%,8.75
انتقال مالکیت گوشی دست دوم بدون سیم کارت,0,4,0%,9.25
نمایندگی موتورولا پاساژ علاءالدین تهران,0,4,0%,9.25
آیکون اس ام اس,0,4,0%,9.5
انتن ایفون,0,4,0%,9.5
نمایندگی گوشی آیفون,0,4,0%,9.5
safe mode چیست,0,4,0%,9.75
تنظیمات شارژ سریع شیائومی,0,4,0%,9.75
حالت ایمن در گوشی سامسونگ,0,4,0%,10
مخفی کردن برنامه در ایفون,0,4,0%,10
چجوری فضای دوم گوشی سامسونگ را فعال کنیم,0,4,0%,10
کیبورد فارسی سامسونگ قدیمی,0,4,0%,10
تعمیرات گوشی قدیمی,0,4,0%,10.25
رفع مشکل گزارش خرابی برای تحلیل به mi در گوشی شیائومی,0,4,0%,10.25
علت روشن نشدن صفحه گوشی هنگام زنگ خوردن,0,4,0%,10.25
موبایل برتر آمل,0,4,0%,10.5
اگر ایفون انتقال مالکیت ندیم چی میشه,0,4,0%,11
تعمیرات ایرپاد,0,4,0%,11
ضبط صدا در گوشی شیائومی,0,4,0%,11.5
فضای دوم,0,4,0%,11.5
پین گوشی را فراموش کردم,0,4,0%,11.5
نمایندگی لپ تاپ دل در تهران,0,4,0%,12
نمایندگی تعمیرات ایسوس تهران,0,4,0%,12.75
مشکل دانلود از گوگل پلی در شیائومی,0,4,0%,13
xiaomi main menu,0,4,0%,13.5
دکمه سایلنت ایفون ۱۳,0,4,0%,14.5
گوگل پلی کار نمیکنه,0,4,0%,14.5
ضبط مکالمه شیائومی,0,4,0%,14.75
بهترین مرکز تعویض باتری ایفون تهران,0,4,0%,15
دانلود برنامه ضبط مکالمه دوطرفه برای شیائومی با لینک مستقیم,0,4,0%,15.75
نمایندگی گوشی هواوی,0,4,0%,15.75
شماره تلفن پشتیبانی شیائومی,0,4,0%,16.25
صفحه گوشی شکسته ولی کار میکنه نی نی سایت,0,4,0%,17.5
موبایل برتر,0,4,0%,17.5
هزینه تعمیر ال سی دی گوشی سامسونگ,0,4,0%,17.75
مشاوره تعمیر گوشی ایفون,0,4,0%,18
نمایندگی سامسونگ خدمات پس از فروش,0,4,0%,20
تعمیر,0,4,0%,21
تعمیرات تخصصی سامسونگ,0,4,0%,22.75
رفع مشکل تجزیه بسته در گوشی شیائومی,0,4,0%,24.25
عدم نمایش تماس ورودی روی صفحه شیائومی نوت ۱۳,0,4,0%,25
علت باز نشدن گوگل پلی در اندروید,0,4,0%,25.5
خطای ورود به سیستم اندروید سامسونگ,0,4,0%,25.75
نمایندگی شرکت سامسونگ,0,4,0%,26
نمایندگی تعمیرات شیائومی در تهران,0,4,0%,26.25
نمایندگی سامسونگ چارسو تلفن,0,4,0%,27.25
شماره تماس نمایندگی سامسونگ در تهران,0,4,0%,30.75
تعمیر گوشی شیائومی,0,4,0%,31.25
هزینه تعویض گلس فنی,0,4,0%,32.75
کد ریست باتری شیائومی,0,4,0%,36
main menu miui recovery 5.0,0,4,0%,36.25
fastboot,0,4,0%,40.5
نمایندگی شیائومی تهران,0,4,0%,42.25
فلش کردن گوشی,0,4,0%,43.5
حذف قفل frp بعد از ریست فکتوری,0,4,0%,45.25
حل مشکل اکانت گوگل بعد از فکتوری ریست گوشی های سامسونگ,0,4,0%,56.5
تعمیرگاه موبایل,0,4,0%,58
تعمیرات یخچال سامسونگ,0,4,0%,58.25
روشن نشدن صفحه گوشی هنگام زنگ خوردن سامسونگ,0,4,0%,61.5
تعمیرکار آیفون,0,3,0%,1
نمایندگی رسمی اپل,0,3,0%,1
خارج کردن از حالت ایمن,0,3,0%,1.33
iphone board repair,0,3,0%,1.67
اپل سرویس,0,3,0%,2
حالت ایمن چیست,0,3,0%,2
چطور از حالت ایمن خارج شویم,0,3,0%,2.33
خارج كردن گوشي از حالت safe mode,0,3,0%,3
چجوری گوشی را از حالت ایمن خارج کنیم,0,3,0%,3
چطوری گوشی را از حالت ایمن خارج کنیم,0,3,0%,3
اضافه كردن فارسي به كيبورد سامسونگ,0,3,0%,3.33
درآوردن گوشی از حالت ایمن,0,3,0%,3.33
fix apple,0,3,0%,3.67
تنظیمات اینترنت گوشی هواوی y9,0,3,0%,3.67
تنظیمات اینترنت گوشی هانر,0,3,0%,4
معنی unavailable در ایفون,0,3,0%,4
iphone unavailable حل مشکل بدون پاک شدن اطلاعات,0,3,0%,4.33
برد گوشی poco x6 pro,0,3,0%,4.33
حالت ایمنی شیائومی,0,3,0%,4.33
خاموش کردن حالت ایمن شیائومی,0,3,0%,4.33
حالت ایمن یعنی چی,0,3,0%,4.67
خارج شدن از حالت ایمن شیائومی,0,3,0%,4.67
phone servis,0,3,0%,5
چرا نت شیائومی کار نمیکنه,0,3,0%,5
حالت ایمن چطور غیر فعال کنم,0,3,0%,5.33
مشکل کیبورد فارسی سامسونگ,0,3,0%,5.33
بالا نیامدن ویندوز و صفحه سیاه,0,3,0%,5.67
خاموش کردن حالت ایمن گوشی,0,3,0%,5.67
چطوری کیبورد گوشی سامسونگ را فارسی کنیم,0,3,0%,5.67
package installer keep stopping,0,3,0%,6
اموزش نصب ویندوز 11 با فلش,0,3,0%,6
تعویض باتری آیفون در محل,0,3,0%,6
تعمیر آیپد,0,3,0%,6.33
معنی safe mode در گوشی شیائومی,0,3,0%,6.67
آب رفته تو بلندگو گوشیم چیکار کنم,0,3,0%,7
این کنش دائمی است یعنی چه,0,3,0%,7
بکاپ از گوشی,0,3,0%,7
مشاهده مخاطبین سیم کارت در شیائومی,0,3,0%,7
تعمیرات ایپد,0,3,0%,7.67
شکستن صفحه گوشی شیائومی,0,3,0%,7.67
چجوری بک آپ بگیرم,0,3,0%,7.67
فست شارژ شیائومی کجاست,0,3,0%,8
نمایندگی باتری لپ تاپ سونی,0,3,0%,8
چگونه اینترنت را فور جی کنیم,0,3,0%,8
اعلان چشمک زدن صفحه,0,3,0%,8.33
بازسازی گوشی سامسونگ,0,3,0%,8.33
روشن شدن صفحه گوشی هنگام زنگ خوردن شیائومی,0,3,0%,8.33
علت رفتن آنتن گوشی آیفون,0,3,0%,8.33
فورجی کردن گوشی,0,3,0%,8.33
چرا ایفون زود شارژ خالی میکنه,0,3,0%,8.33
آموزش بک آپ گرفتن از گوشی,0,3,0%,8.67
هزینه تعویض هارد لپ تاپ,0,3,0%,8.67
کار نکردن اینترنت شیائومی,0,3,0%,8.67
این کنش واگرد شدنی نیست یعنی چی,0,3,0%,9
برد سامسونگ a24,0,3,0%,9
علت بالا نیامدن صفحه لپ تاپ,0,3,0%,9
قطعات گوشی موتورولا,0,3,0%,9
قیمت ال سی دی ساعت هوشمند سامسونگ,0,3,0%,9
نصب ویندوز 11 روی سیستم قدیمی با فلش,0,3,0%,9
چرا گوشی شیائومی موقع تماس صفحه روشن نمیشه,0,3,0%,9
چگونه ایکون پیام ها را برگردانیم,0,3,0%,9
not registered on network یعنی چی,0,3,0%,9.33
اینترنت فورجی همراه اول,0,3,0%,9.33
علت روشن نشدن صفحه گوشی هنگام زنگ خوردن شیائومی,0,3,0%,9.33
نمایندگی نوکیا غرب تهران,0,3,0%,9.33
پین گوشی رو فراموش کردم چیکار کنم,0,3,0%,9.33
آموزش رم مجازی برای کامپیوتر,0,3,0%,9.67
روش نصب ویندوز 11 با فلش,0,3,0%,9.67
ضبط مکالمه در گوشی شیائومی پوکو x3,0,3,0%,9.67
پیام نگار شیائومی کجاست,0,3,0%,9.67
اپل.,0,3,0%,10
هزینه تعمیر گوشی آب خورده شیائومی,0,3,0%,10
چرا گوگل پلی دانلود نمیکنه شیائومی,0,3,0%,10
روشن نشدن صفحه گوشی هنگام زنگ خوردن,0,3,0%,10.33
لپل,0,3,0%,10.33
کیبورد فارسی گوشی سامسونگ,0,3,0%,10.33
آیکون پیام,0,3,0%,10.67
علت کار نکردن دکمه سایلنت آیفون ۱۷,0,3,0%,10.67
چگونه گوشی خود را فورجی کنیم,0,3,0%,10.67
اسنپ دراگون چیست,0,3,0%,11
برنامه فضای دوم,0,3,0%,11
غير فعال كردن آنتي ويروس mcafee در ویندوز 11,0,3,0%,11
اگر گوگل پلی کار نکند چه باید کرد,0,3,0%,11.33
چرا گوشی شیائومی زنگ میخوره صفحه روشن نمیشه,0,3,0%,11.67
دلیل نصب نشدن برنامه در گوشی شیائومی,0,3,0%,12
اسپیکر گوشی شیائومی,0,3,0%,12.33
خارج شدن از بایوس لپ تاپ ایسوس,0,3,0%,12.67
علت روشن نشدن گوشی نوکیا 106,0,3,0%,12.67
مخفی کردن برنامه در آیفون,0,3,0%,13
نمایندگی هواوی در ایران,0,3,0%,13
چرا داده تلفن همراه روشن نمیشود شیائومی,0,3,0%,13.33
گوشیمو فلش کردم ایمیل میخواد سامسونگ,0,3,0%,13.67
خدمات پس از فروش تلویزیون سامسونگ,0,3,0%,15
دانلود زبان فارسی کیبورد سامسونگ,0,3,0%,15
قطعات ساعت هوشمند,0,3,0%,15
علت وصل نشدن گوگل پلی,0,3,0%,15.33
وقتی گوشی زنگ میخوره صفحه روشن نمیشه,0,3,0%,15.33
معایب بروزرسانی گوشی,0,3,0%,15.67
خدمات نرم افزاری موبایل,0,3,0%,16
ضبط مکالمه در گوشی شیائومی نوت 13 پرو,0,3,0%,16
mi main menu,0,3,0%,16.67
mi turbo charge not working,0,3,0%,16.67
شماره خدمات پس از فروش سامسونگ,0,3,0%,17
نمایندگی‌ تعمیر سامسونگ,0,3,0%,17
خدمات پس از فروش شرکت لباسشویی سامسونگ,0,3,0%,17.33
فضای دوم سامسونگ,0,3,0%,18
تعمیر لپ تاپ ایسر,0,3,0%,18.33
redmi main menu,0,3,0%,18.67
بالا نیامدن ویندوز و صفحه سیاه در لپ تاپ,0,3,0%,19.33
مرکز خدمات پس از فروش لباسشویی سامسونگ,0,3,0%,19.33
تست ایفون کارکرده,0,3,0%,19.67
خدمات تعمیرات,0,3,0%,19.67
نمایندگی تعمیرات لپ تاپ ایسوس,0,3,0%,19.67
فیلتر شکن برای هواوی y7,0,3,0%,20
چرا وقتی گوشی زنگ میخوره صفحه روشن نمیشه,0,3,0%,20
تعمیرات ساعت هوشمند,0,3,0%,20.33
نمایندگی سامسونگ در شرق تهران,0,3,0%,21.33
back to main menü ne demek,0,3,0%,21.67
رفع مشکل زود خالی شدن باتری آیفون,0,3,0%,21.67
مشکل اتصال اینترنت شیائومی,0,3,0%,21.67
رمز گوشیمو یادم رفته چیکار کنم,0,3,0%,22
ریست باتری شیائومی,0,3,0%,22
چگونه تماس را ضبط کنیم در شیائومی,0,3,0%,22
علت پرپر زدن صفحه گوشی شیائومی,0,3,0%,22.33
بهترین تعمیرات موبایل,0,3,0%,22.67
وصل نشدن گوگل پلی,0,3,0%,23.33
نمایندگی تعمیر گوشی سامسونگ,0,3,0%,24.67
دانلود بهترین کیبورد سامسونگ,0,3,0%,25.33
نمایندکی سامسونگ,0,3,0%,27.33
تعمیر ماشین ظرفشویی سامسونگ,0,3,0%,30.67
گوشی زنگ میخورد ولی صفحه روشن نمیشه,0,3,0%,30.67
تعمیرات پرینتر,0,3,0%,31.67
انتقال مالکیت گوشی بدون مالک قبلی,0,3,0%,32
نمایندگی مجاز سامسونگ در تهران,0,3,0%,32.33